{"cameraMode":{"drawMode":0,"name":"Shaded","section":"Shading Mode"},"sceneLighting":false,"audioPlay":false,"sceneViewState":{"m_AlwaysRefresh":false,"showFog":true,"showSkybox":false,"showFlares":true,"showImageEffects":true,"showParticleSystems":true,"showVisualEffectGraphs":true,"m_FxEnabled":true},"in2DMode":false,"pivot":{"x":3.522409439086914,"y":0.23931434750556947,"z":-1.8933688402175904},"rotation":{"x":0.42624086141586306,"y":0.3719567060470581,"z":-0.19800055027008058,"w":0.8003885746002197},"size":4.250326156616211,"orthographic":false}