{"cameraMode":{"drawMode":0,"name":"Shaded","section":"Shading Mode"},"sceneLighting":false,"audioPlay":false,"sceneViewState":{"m_AlwaysRefresh":false,"showFog":true,"showSkybox":false,"showFlares":true,"showImageEffects":true,"showParticleSystems":true,"showVisualEffectGraphs":true,"m_FxEnabled":true},"in2DMode":false,"pivot":{"x":0.19811111688613892,"y":2.3008434772491457,"z":0.3145056962966919},"rotation":{"x":0.07784917205572128,"y":0.6275413632392883,"z":-0.06328810751438141,"w":0.7720686793327332},"size":3.2435407638549806,"orthographic":false}